id,ts,category
1,2023-10-09 05:10:55,Beauty Salons
3,2023-10-09 05:17:38,Cosmetologists
4,2023-10-09 05:17:38,Day Spas
5,2023-10-09 05:17:38,Hair Removal
6,2023-10-09 05:17:38,Hair Stylists
7,2023-10-09 05:17:38,Nail Salons
8,2023-10-09 05:17:51,Hair Supplies & Accessories
9,2023-10-09 05:17:51,Barbers
11,2023-10-09 05:17:51,Beauty Supplies & Equipment
12,2023-10-09 05:17:51,Hair Replacement
13,2023-10-09 05:17:51,Wigs & Hair Pieces
20,2023-10-09 05:18:10,Permanent Make-Up
22,2023-10-09 05:18:10,Cosmetic Services
23,2023-10-09 05:18:10,Electrolysis
27,2023-10-09 05:18:10,Wax
34,2023-10-09 05:19:18,Beauty Salon Equipment & Supplies
36,2023-10-09 05:19:18,Cosmetics & Perfumes
40,2023-10-09 05:19:36,Skin Care
47,2023-10-09 05:19:51,Wedding Supplies & Services
48,2023-10-09 05:19:51,Tattoos
50,2023-10-09 05:19:51,Body Piercing
69,2023-10-09 05:20:11,Health Resorts
70,2023-10-09 05:20:11,Massage Services
71,2023-10-09 05:20:11,Massage Therapists
75,2023-10-09 05:20:11,Tanning Salons
81,2023-10-09 05:20:20,Alternative Medicine & Health Practitioners
83,2023-10-09 05:20:20,Boutique Items
88,2023-10-09 05:20:29,Hair Braiding
92,2023-10-09 05:20:29,Hair Weaving
109,2023-10-09 05:22:19,Gymnasiums
110,2023-10-09 05:22:19,Health Clubs
153,2023-10-09 05:24:22,Make-Up Artists
189,2023-10-09 05:26:06,Aromatherapy
276,2023-10-09 05:27:54,Beauty Salons-Equipment & Supplies-Wholesale & Manufacturers
361,2023-10-09 05:29:53,Beauty Schools
374,2023-10-09 05:29:58,Health & Wellness Products
375,2023-10-09 05:29:58,Holistic Practitioners
376,2023-10-09 05:29:58,Tattoo Removal
384,2023-10-09 05:30:10,"Physicians & Surgeons, Weight Loss Management"
387,2023-10-09 05:30:10,Nutritionists
448,2023-10-09 05:30:31,Medical Clinics
497,2023-10-09 05:31:29,Tourist Information & Attractions
500,2023-10-09 05:31:29,Places Of Interest
639,2023-10-09 05:33:44,Dentists
773,2023-10-09 05:40:44,Tanning Salons-Equipment & Supplies
799,2023-10-09 05:41:12,Physical Therapists
940,2023-10-09 05:44:24,Acupuncture
944,2023-10-09 05:44:24,Health & Fitness Program Consultants
956,2023-10-09 05:44:37,Medical Spas
957,2023-10-09 05:44:37,Physicians & Surgeons
958,2023-10-09 05:44:37,"Physicians & Surgeons, Dermatology"
960,2023-10-09 05:44:37,"Physicians & Surgeons, Laser Surgery"
1264,2023-10-09 05:52:55,Personal Fitness Trainers
1482,2023-10-09 06:01:11,Teeth Whitening Products & Services
1643,2023-10-09 06:02:44,"Physicians & Surgeons, Plastic & Reconstructive"
1863,2023-10-09 06:04:25,Chiropractors & Chiropractic Services
1920,2023-10-09 06:04:53,Body Wrap Salons
1932,2023-10-09 06:04:55,Weight Control Services
2007,2023-10-09 06:05:47,Bridal Shops
2010,2023-10-09 06:05:47,Formal Wear Rental & Sales
2053,2023-10-09 06:06:14,Driveway Contractors
2054,2023-10-09 06:06:14,Asphalt Paving & Sealcoating
2056,2023-10-09 06:06:14,Building Contractors
2057,2023-10-09 06:06:14,Excavation Contractors
2058,2023-10-09 06:06:14,General Contractors
2059,2023-10-09 06:06:14,Grading Contractors
2061,2023-10-09 06:06:14,Paving Contractors
2203,2023-10-09 06:07:43,Scalp Care
2235,2023-10-09 06:08:01,Tanners
2500,2023-10-09 06:11:58,Clinics
2587,2023-10-09 06:13:39,Department Stores
2590,2023-10-09 06:13:39,Blinds-Venetian & Vertical
2591,2023-10-09 06:13:39,Clothing Stores
2592,2023-10-09 06:13:39,"Draperies, Curtains & Window Treatments"
2593,2023-10-09 06:13:39,Furniture Stores
2594,2023-10-09 06:13:39,General Merchandise
2596,2023-10-09 06:13:39,Housewares
2597,2023-10-09 06:13:39,Interior Designers & Decorators
2598,2023-10-09 06:13:39,Jewelers
2599,2023-10-09 06:13:39,Men's Clothing
2600,2023-10-09 06:13:39,Portrait Photographers
2601,2023-10-09 06:13:39,Shoe Stores
2602,2023-10-09 06:13:39,Women's Clothing
2626,2023-10-09 06:13:54,Sports Medicine & Injuries Treatment
2699,2023-10-09 06:14:35,Chair Rental
2740,2023-10-09 06:14:58,Color Consultants
2742,2023-10-09 06:14:58,Home Improvements
2743,2023-10-09 06:14:58,Home Repair & Maintenance
3751,2023-10-09 06:29:11,"Physicians & Surgeons, Cosmetic Surgery"
3752,2023-10-09 06:29:11,Reducing & Weight Control
4072,2023-10-09 06:32:23,Health & Welfare Clinics
4083,2023-10-09 06:32:25,Barber Schools
4306,2023-10-09 06:34:45,Cosmetics-Wholesale & Manufacturers
4485,2023-10-09 06:37:59,Clothing Alterations
5006,2023-10-09 06:55:13,Massage Schools
5099,2023-10-09 06:59:08,Gift Shops
5215,2023-10-09 07:03:43,Bars
5217,2023-10-09 07:03:43,Fashion Designers
5219,2023-10-09 07:03:43,Wedding Planning & Consultants
5231,2023-10-09 07:03:59,Wedding Photography & Videography
5301,2023-10-09 07:05:26,Fashion Consultants
5508,2023-10-09 07:10:03,Reflexologies
5617,2023-10-09 07:16:01,Schools
6947,2023-10-09 07:44:51,Personal Image Consultants
7197,2023-10-09 07:48:51,Spas & Hot Tubs
7386,2023-10-09 07:55:37,Barbers Equipment & Supplies
7864,2023-10-09 08:01:58,Fine Art Artists
7867,2023-10-09 08:01:58,Business & Vocational Schools
8175,2023-10-09 08:07:33,Spas & Hot Tubs-Wholesale & Manufacturers
8177,2023-10-09 08:07:33,Laser Manufacturers
8178,2023-10-09 08:07:33,Laser Tag Facilities
8418,2023-10-09 08:11:34,Online & Mail Order Shopping
8420,2023-10-09 08:11:34,Jewelry Designers
8805,2023-10-09 08:17:19,Exercise & Physical Fitness Programs
9246,2023-10-09 08:23:29,Women's Fashion Accessories
9698,2023-10-09 08:37:49,Eldercare-Home Health Services
9699,2023-10-09 08:37:49,Home Health Services
9700,2023-10-09 08:37:49,Real Estate Agents
9906,2023-10-09 08:42:45,Seafood Restaurants
10077,2023-10-09 08:45:09,Photography & Videography
10820,2023-10-09 08:58:51,Rehabilitation Services
11075,2023-10-09 09:02:36,Cutting & Slitting Service
11168,2023-10-09 09:03:41,Lodging
11171,2023-10-09 09:03:41,Data Processing Service
11176,2023-10-09 09:03:41,Hotels
11177,2023-10-09 09:03:41,Marketing Programs & Services
11180,2023-10-09 09:03:41,Motels
11182,2023-10-09 09:03:41,Resorts
14450,2023-10-09 10:53:47,Handbags
14937,2023-10-09 11:04:27,Educational Services
14939,2023-10-09 11:04:27,Day Care Centers & Nurseries
16404,2023-10-09 11:29:25,Colors & Pigments
18668,2023-10-09 12:32:13,"Physicians & Surgeons, Vascular Surgery"
19551,2023-10-09 13:05:06,Medical Service Organizations
19714,2023-10-09 13:07:21,Restaurants
20625,2023-10-09 13:27:21,Party Planning
20626,2023-10-09 13:27:21,Banquet Halls & Reception Facilities
21267,2023-10-09 13:35:36,Recycling Centers
21961,2023-10-09 13:43:59,Children's Party Planning & Entertainment
23262,2023-10-09 14:13:32,Adult Education
23265,2023-10-09 14:13:32,"Industrial, Technical & Trade Schools"
23627,2023-10-09 14:19:55,Child Care
23920,2023-10-09 14:25:14,Studio Rental
23921,2023-10-09 14:25:14,Yoga Instruction
24842,2023-10-09 14:48:45,Business Coaches & Consultants
25165,2023-10-09 14:56:54,Beauty Salon Equipment Repair
25961,2023-10-09 15:14:13,Gift Baskets
28923,2023-10-09 16:25:53,Business & Vocational Management Schools
28925,2023-10-09 16:25:53,Colleges & Universities
29841,2023-10-09 16:44:40,"Physicians & Surgeons, Pediatrics"
30529,2023-10-09 17:06:30,Children & Infants Clothing
30536,2023-10-09 17:06:30,"Party Favors, Supplies & Services"
30561,2023-10-09 17:06:46,"Physicians & Surgeons, Hand Surgery"
30719,2023-10-09 17:09:44,Physical Therapy Clinics
31536,2023-10-09 17:19:32,Arts & Crafts Supplies
31539,2023-10-09 17:19:32,Party & Event Planners
31747,2023-10-09 17:22:31,Personal Services & Assistants
34434,2023-10-09 18:08:16,Woodworking Equipment & Supplies
35479,2023-10-09 18:35:31,Pet Grooming
37606,2023-10-09 19:24:18,Dog & Cat Grooming & Supplies
37607,2023-10-09 19:24:18,Sharpening Service
38143,2023-10-09 19:34:36,"Physicians & Surgeons, Allergy & Immunology"
38824,2023-10-09 19:41:14,"Physicians & Surgeons, Podiatrists"
39584,2023-10-09 19:52:10,Shoe Shining
41072,2023-10-09 20:25:23,Essential Oils
41567,2023-10-09 20:32:16,Physical Fitness Consultants & Trainers
41735,2023-10-09 20:35:20,Personal Shopping Service
41932,2023-10-09 20:39:42,Sports Clubs & Organizations
42573,2023-10-09 20:50:13,Wedding Reception Locations & Services
43110,2023-10-09 21:12:04,"Art Galleries, Dealers & Consultants"
43461,2023-10-09 21:17:38,Health & Diet Food Products
44609,2023-10-09 21:34:23,Psychics & Mediums
46715,2023-10-09 22:27:33,Hair Removing Equipment & Supplies
46756,2023-10-09 22:29:16,Polishes
47108,2023-10-09 22:37:55,Lingerie
48566,2023-10-09 23:17:31,Passport Photo & Visa Information & Services
50646,2023-10-10 00:08:12,"Floor Waxing, Polishing & Cleaning"
52372,2023-10-10 00:44:43,Vitamins & Food Supplements
52877,2023-10-10 00:52:27,Delicatessens
53353,2023-10-10 01:01:34,Nails & Tacks
54836,2023-10-10 01:21:35,Artificial Eyes
60066,2023-10-10 03:32:26,Hypnotherapy
62090,2023-10-10 04:02:26,Notaries Public
62217,2023-10-10 04:03:45,Custom Made Shoes & Boots
69890,2023-10-10 06:47:23,Professional Organizations
71628,2023-10-10 07:40:37,Tanning Equipment & Supplies
72676,2023-10-10 08:01:36,Sporting Goods
72677,2023-10-10 08:01:36,Swimwear & Accessories
72743,2023-10-10 08:02:34,Office & Desk Space Rental Service
73634,2023-10-10 08:22:28,Public Schools
78330,2023-10-10 09:37:17,Colonic Irrigation
81531,2023-10-10 11:00:00,Cocktail Lounges
85486,2023-10-10 12:39:47,Electric Equipment & Supplies
85487,2023-10-10 12:39:47,Acoustical Materials
85489,2023-10-10 12:39:47,Building Construction Consultants
85490,2023-10-10 12:39:47,Construction Consultants
85491,2023-10-10 12:39:47,Home Decor
85492,2023-10-10 12:39:47,Lighting Consultants & Designers
85493,2023-10-10 12:39:47,Lighting Fixtures
85494,2023-10-10 12:39:47,Lighting Systems & Equipment
101337,2023-10-10 18:19:47,Thread Cutting & Rolling
103056,2023-10-10 19:19:43,Soaps & Detergents
103303,2023-10-10 19:28:10,Fasteners-Textile & Apparel
104266,2023-10-10 20:10:50,Pet Services
105357,2023-10-10 20:51:46,Surgery Centers
106631,2023-10-10 21:31:09,Podiatry Information & Referral Services
107724,2023-10-10 22:20:23,Alcoholism Information & Treatment Centers
107727,2023-10-10 22:20:23,Beer & Ale
110065,2023-10-10 23:53:20,Plumbers
110071,2023-10-10 23:53:20,Plumbing-Drain & Sewer Cleaning
110072,2023-10-10 23:53:20,Sewer Cleaners & Repairers
110073,2023-10-10 23:53:20,Sewer Contractors
117937,2023-10-11 04:36:36,Taxis
122909,2023-10-11 07:06:54,Dry Cleaners & Laundries
123362,2023-10-11 07:17:28,Sunglasses
124094,2023-10-11 07:26:02,Bridal Registries
124097,2023-10-11 07:26:02,Bridal Supplies-Wholesale & Manufacturers
124099,2023-10-11 07:26:02,Facilities & Space Planning Consultants
127237,2023-10-11 08:35:54,Wine Bars
128971,2023-10-11 08:57:13,Wedding Chapels & Ceremonies
132732,2023-10-11 10:27:21,Commercial Artists
133901,2023-10-11 10:51:43,Costumes
134026,2023-10-11 10:54:29,Candles
139430,2023-10-11 12:29:37,Apartments
140859,2023-10-11 12:48:39,Spas & Hot Tubs-Repair & Service
140860,2023-10-11 12:48:39,Sports Instruction
140861,2023-10-11 12:48:39,Swimming Instruction
143696,2023-10-11 13:55:09,Bathroom Remodeling
143704,2023-10-11 13:55:09,Laundromat Equipment & Supplies
143851,2023-10-11 13:57:05,Metal Cutting
154560,2023-10-11 17:03:28,Business Management
162419,2023-10-11 21:51:30,Coffee Shops
168176,2023-10-12 03:11:40,Skiing Equipment
170056,2023-10-12 05:13:20,Toy Stores
172966,2023-10-12 06:19:21,Party Supply Rental
175867,2023-10-12 07:08:11,Lottery Ticket Agencies
181135,2023-10-12 09:26:18,Personal Care Homes
183433,2023-10-12 10:38:47,Jeans
190986,2023-10-12 14:34:34,Antiques
190988,2023-10-12 14:34:34,Fabric Shops
190989,2023-10-12 14:34:34,Furniture Repair & Refinish
191936,2023-10-12 14:55:08,Astrologers
200038,2023-10-12 18:22:05,Directory & Guide Advertising
207656,2023-10-12 21:22:26,Bridal Gown Preservation
220032,2023-10-13 02:17:52,Homeopathic Practitioners
223640,2023-10-13 03:39:59,Laundromats
223643,2023-10-13 03:39:59,Tailors
230430,2023-10-13 06:16:07,Building Materials-Wholesale & Manufacturers
230431,2023-10-13 06:16:07,Concrete Equipment & Supplies
230432,2023-10-13 06:16:07,Concrete Mixers
230433,2023-10-13 06:16:07,Concrete Products
230434,2023-10-13 06:16:07,Garden Centers
230435,2023-10-13 06:16:07,Landscaping Equipment & Supplies
230436,2023-10-13 06:16:07,Lawn & Garden Equipment & Supplies
230437,2023-10-13 06:16:07,Nurseries-Plants & Trees
230438,2023-10-13 06:16:07,Plastics & Plastic Products
230439,2023-10-13 06:16:07,Ready Mixed Concrete
230440,2023-10-13 06:16:07,Rock Shops
230441,2023-10-13 06:16:07,Septic Tanks & Systems
230443,2023-10-13 06:16:07,Statuary
238717,2023-10-13 10:47:52,Baths
238731,2023-10-13 10:47:52,Watches
247612,2023-10-13 14:37:38,Delivery Service
266389,2023-10-14 03:16:06,Apprenticeship Training Programs
268882,2023-10-14 05:21:34,Pictures
271835,2023-10-14 08:59:40,Thrift Shops
273446,2023-10-14 10:41:03,Hardware Stores
273522,2023-10-14 10:43:22,"Plastics-Fabricating, Finishing & Decorating"
274018,2023-10-14 11:10:02,Floor Treatment Compounds
298877,2023-10-15 09:46:13,Attorneys
310056,2023-10-18 21:57:03,Mediterranean Restaurants
311076,2023-10-18 22:42:03,Drapery & Curtain Cleaners
311083,2023-10-18 22:42:03,Wedding Tailoring & Alterations
316397,2023-10-19 01:30:33,Assisted Living & Elder Care Services
323739,2023-10-19 06:02:33,Loans
326401,2023-10-19 08:10:29,Recreation Centers
329010,2023-10-19 10:21:56,Party & Convention Decorating
347082,2023-10-20 10:33:55,Paint
354252,2023-10-20 21:29:27,Dog Day Care
358681,2023-10-21 01:48:31,Hookah Bars
366436,2023-10-21 11:08:37,Geriatric Consulting & Services
372308,2023-10-21 18:40:08,Pet Sitting & Exercising Services
372688,2023-10-21 18:59:46,Tax Return Preparation
381539,2023-10-22 07:09:56,Barbecue Equipment & Supplies-Wholesale & Manufacturers
387817,2023-10-22 18:53:43,Travel Services-Commercial
415784,2023-10-24 11:42:11,Commercial Real Estate
420739,2023-10-24 17:43:11,Industrial Equipment & Supplies
429733,2023-10-24 22:53:26,Hamburgers & Hot Dogs
431738,2023-10-25 00:16:33,Wireless Communication
440407,2023-10-25 04:47:23,Nurses
460787,2023-10-25 17:15:14,Coffee & Tea
468018,2023-10-25 22:10:19,Blowers & Blower Systems
470829,2023-10-25 23:19:12,Hand Painting & Decorating
481188,2023-10-26 05:57:46,Investments
481190,2023-10-26 05:57:46,Business Brokers
481193,2023-10-26 05:57:46,Financial Services
493771,2023-10-26 20:23:43,Trailer Hitches
497248,2023-10-26 23:11:40,General Merchandise-Wholesale
